[
  {
    "ranking": 1,
    "title": "Vue3 + family bucket",
    "author": "Sunday",
    "publicDate": "1629099597000",
    "desc": "The project is developed based on the latest vue3 family bucket",
    "content": "The project is developed based on the latest vue3 family bucket"
  },
  {
    "ranking": 2,
    "title": "Element-Plus",
    "author": "Sunday",
    "publicDate": "1629099597000",
    "desc": "Desktop component library based on Vue 3.0",
    "content": "Desktop component library based on Vue 3.0"
  },
  {
    "ranking": 3,
    "title": "vue-element-admin",
    "author": "Sunday",
    "publicDate": "1629099597000",
    "desc": "Back-end front-end solutions",
    "content": "Back-end front-end solutions"
  },
  {
    "ranking": 4,
    "title": "ESLint + Git Hooks",
    "author": "Sunday",
    "publicDate": "1629099597000",
    "desc": "Coding Standards",
    "content": "Coding Standards"
  },
  {
    "ranking": 5,
    "title": "Architecture design",
    "author": "Sunday",
    "publicDate": "1629099597000",
    "desc": "Architecture design",
    "content": "Architecture design"
  },
  {
    "ranking": 6,
    "title": "Permission Validation",
    "author": "Sunday",
    "publicDate": "1629099597000",
    "desc": "Page permissions, function permissions, dynamic permissions, permissions configuration",
    "content": "Page permissions, function permissions, dynamic permissions, permissions configuration"
  },
  {
    "ranking": 7,
    "title": "Function guide",
    "author": "Sunday",
    "publicDate": "1629099597000",
    "desc": "Function guidance to users",
    "content": "Function guidance to users"
  },
  {
    "ranking": 8,
    "title": "Sidebar",
    "author": "Sunday",
    "publicDate": "1629099597000",
    "desc": "Menu menu dynamically generated based on routing",
    "content": "Menu menu dynamically generated based on routing"
  },
  {
    "ranking": 9,
    "title": "Dynamic breadcrumbs",
    "author": "Sunday",
    "publicDate": "1629099597000",
    "desc": "Dynamically generated breadcrumb data",
    "content": "Dynamically generated breadcrumb data"
  },
  {
    "ranking": 10,
    "title": "Tags View",
    "author": "Sunday",
    "publicDate": "1629099597000",
    "desc": "Notes quick navigation function",
    "content": "Notes quick navigation function"
  }
]
